effectiveDate,product,pricePkr,unit,source,downloadId
2015-07-01,Superior Kerosene Oil (SKO),64.94,litre,ogra,994
2015-08-01,Superior Kerosene Oil (SKO),60.11,litre,ogra,993
2015-09-01,Superior Kerosene Oil (SKO),57.11,litre,ogra,992
2015-10-01,Superior Kerosene Oil (SKO),57.11,litre,ogra,991
2015-11-01,Superior Kerosene Oil (SKO),57.11,litre,ogra,990
2015-12-01,Superior Kerosene Oil (SKO),56.32,litre,ogra,989
2016-04-01,Superior Kerosene Oil (SKO),43.25,litre,ogra,985
2016-05-01,Superior Kerosene Oil (SKO),43.25,litre,ogra,984
2016-06-01,Superior Kerosene Oil (SKO),43.25,litre,ogra,983
2016-07-01,Superior Kerosene Oil (SKO),43.25,litre,ogra,982
2016-08-01,Superior Kerosene Oil (SKO),43.25,litre,ogra,980
2016-09-01,Superior Kerosene Oil (SKO),43.25,litre,ogra,981
2016-10-01,Superior Kerosene Oil (SKO),43.25,litre,ogra,979
2016-11-01,Superior Kerosene Oil (SKO),43.25,litre,ogra,978
2016-12-01,Superior Kerosene Oil (SKO),43.25,litre,ogra,977
2017-01-16,Superior Kerosene Oil (SKO),43.25,litre,ogra,976
2017-02-16,Superior Kerosene Oil (SKO),43.25,litre,ogra,973
2017-03-01,Superior Kerosene Oil (SKO),44.0,litre,ogra,972
2017-04-01,Superior Kerosene Oil (SKO),44.0,litre,ogra,339
2017-05-01,Superior Kerosene Oil (SKO),44.0,litre,ogra,338
2017-06-01,Superior Kerosene Oil (SKO),44.0,litre,ogra,337
2017-07-01,Superior Kerosene Oil (SKO),44.0,litre,ogra,2734
2017-08-06,Superior Kerosene Oil (SKO),44.0,litre,ogra,2745
2017-09-01,Superior Kerosene Oil (SKO),44.0,litre,ogra,2852
2017-10-01,Superior Kerosene Oil (SKO),48.0,litre,ogra,2929
2017-12-01,Superior Kerosene Oil (SKO),57.58,litre,ogra,3038
2018-01-01,Superior Kerosene Oil (SKO),64.32,litre,ogra,3185
2018-02-01,Superior Kerosene Oil (SKO),70.18,litre,ogra,3243
2018-03-01,Superior Kerosene Oil (SKO),76.46,litre,ogra,3297
2018-04-01,Superior Kerosene Oil (SKO),76.46,litre,ogra,3333
2018-06-01,Superior Kerosene Oil (SKO),79.88,litre,ogra,3583
2018-06-12,Superior Kerosene Oil (SKO),84.34,litre,ogra,3603
2018-07-01,Superior Kerosene Oil (SKO),87.7,litre,ogra,3647
2018-08-01,Superior Kerosene Oil (SKO),83.96,litre,ogra,3693
2018-09-01,Superior Kerosene Oil (SKO),83.5,litre,ogra,3717
2018-10-01,Superior Kerosene Oil (SKO),83.5,litre,ogra,3752
2018-11-01,Superior Kerosene Oil (SKO),86.5,litre,ogra,3792
2018-12-01,Superior Kerosene Oil (SKO),83.5,litre,ogra,3814
2019-02-01,Superior Kerosene Oil (SKO),82.31,litre,ogra,3927
2019-03-01,Superior Kerosene Oil (SKO),86.31,litre,ogra,3989
2019-04-01,Superior Kerosene Oil (SKO),89.31,litre,ogra,4035
2019-05-01,Superior Kerosene Oil (SKO),89.31,litre,ogra,4102
2019-05-05,Superior Kerosene Oil (SKO),96.77,litre,ogra,4107
2019-06-01,Superior Kerosene Oil (SKO),98.46,litre,ogra,4198
2019-07-01,Superior Kerosene Oil (SKO),98.46,litre,ogra,4241
2019-08-01,Superior Kerosene Oil (SKO),103.84,litre,ogra,4268
2019-09-01,Superior Kerosene Oil (SKO),99.57,litre,ogra,4311
2019-10-01,Superior Kerosene Oil (SKO),99.57,litre,ogra,4361
2019-11-01,Superior Kerosene Oil (SKO),97.18,litre,ogra,4406
2019-12-01,Superior Kerosene Oil (SKO),96.35,litre,ogra,4445
2020-02-01,Superior Kerosene Oil (SKO),99.45,litre,ogra,4536
2020-03-01,Superior Kerosene Oil (SKO),92.45,litre,ogra,4583
2020-03-25,Superior Kerosene Oil (SKO),77.45,litre,ogra,4645
2020-05-01,Superior Kerosene Oil (SKO),47.44,litre,ogra,4688
2020-06-01,Superior Kerosene Oil (SKO),35.56,litre,ogra,4745
2020-06-26,Superior Kerosene Oil (SKO),59.32,litre,ogra,4785
2020-08-01,Superior Kerosene Oil (SKO),65.29,litre,ogra,4867
2020-09-01,Superior Kerosene Oil (SKO),65.29,litre,ogra,4901
2020-10-01,Superior Kerosene Oil (SKO),65.29,litre,ogra,4969
2020-10-16,Superior Kerosene Oil (SKO),65.29,litre,ogra,5015
2020-11-01,Superior Kerosene Oil (SKO),65.29,litre,ogra,5065
2020-12-16,Superior Kerosene Oil (SKO),70.29,litre,ogra,5232
2021-01-01,Superior Kerosene Oil (SKO),73.65,litre,ogra,5269
2021-01-16,Superior Kerosene Oil (SKO),76.65,litre,ogra,5335
2021-03-01,Superior Kerosene Oil (SKO),80.19,litre,ogra,5506
2021-04-01,Superior Kerosene Oil (SKO),82.06,litre,ogra,5638
2021-04-16,Superior Kerosene Oil (SKO),80.0,litre,ogra,5796
2021-05-01,Superior Kerosene Oil (SKO),80.0,litre,ogra,5918
2021-05-18,Superior Kerosene Oil (SKO),80.0,litre,ogra,5958
2021-06-01,Superior Kerosene Oil (SKO),80.0,litre,ogra,6017
2021-06-16,Superior Kerosene Oil (SKO),81.89,litre,ogra,6074
2021-07-01,Superior Kerosene Oil (SKO),85.75,litre,ogra,6125
2021-07-16,Superior Kerosene Oil (SKO),87.14,litre,ogra,6236
2021-08-01,Superior Kerosene Oil (SKO),87.49,litre,ogra,6282
2021-08-16,Superior Kerosene Oil (SKO),88.3,litre,ogra,6347
2021-09-01,Superior Kerosene Oil (SKO),86.8,litre,ogra,6390
2021-09-16,Superior Kerosene Oil (SKO),92.26,litre,ogra,6471
2021-10-01,Superior Kerosene Oil (SKO),99.31,litre,ogra,6532
2021-10-16,Superior Kerosene Oil (SKO),110.26,litre,ogra,6580
2021-11-01,Superior Kerosene Oil (SKO),110.26,litre,ogra,6690
2021-11-05,Superior Kerosene Oil (SKO),116.53,litre,ogra,6730
2021-11-16,Superior Kerosene Oil (SKO),116.53,litre,ogra,5126
2021-12-01,Superior Kerosene Oil (SKO),116.53,litre,ogra,6820
2021-12-16,Superior Kerosene Oil (SKO),109.53,litre,ogra,6875
2022-01-01,Superior Kerosene Oil (SKO),113.48,litre,ogra,7010
2022-01-16,Superior Kerosene Oil (SKO),116.48,litre,ogra,7123
2022-02-16,Superior Kerosene Oil (SKO),126.56,litre,ogra,7295
2022-03-01,Liquefied Petroleum Gas (LPG),233.79,kg,ogra,7367
2022-03-01,Superior Kerosene Oil (SKO),125.56,litre,ogra,7368
2022-03-16,Superior Kerosene Oil (SKO),125.56,litre,ogra,7432
2022-04-01,Liquefied Petroleum Gas (LPG),247.13,kg,ogra,7477
2022-04-01,Superior Kerosene Oil (SKO),125.56,litre,ogra,7472
2022-04-16,Superior Kerosene Oil (SKO),125.56,litre,ogra,7504
2022-05-01,Liquefied Petroleum Gas (LPG),231.85,kg,ogra,7561
2022-05-01,Superior Kerosene Oil (SKO),125.56,litre,ogra,7557
2022-05-16,Superior Kerosene Oil (SKO),125.56,litre,ogra,7664
2022-05-27,Superior Kerosene Oil (SKO),155.56,litre,ogra,7693
2022-06-01,Liquefied Petroleum Gas (LPG),218.76,kg,ogra,7720
2022-06-01,Superior Kerosene Oil (SKO),155.56,litre,ogra,7721
2022-06-03,Superior Kerosene Oil (SKO),181.94,litre,ogra,7749
2022-06-16,Superior Kerosene Oil (SKO),211.43,litre,ogra,7789
2022-07-01,Liquefied Petroleum Gas (LPG),220.42,kg,ogra,7850
2022-07-01,Superior Kerosene Oil (SKO),230.26,litre,ogra,7833
2022-07-15,Superior Kerosene Oil (SKO),196.45,litre,ogra,7880
2022-08-01,Liquefied Petroleum Gas (LPG),217.92,kg,ogra,7950
2022-08-01,Superior Kerosene Oil (SKO),201.07,litre,ogra,7935
2022-08-16,Superior Kerosene Oil (SKO),199.4,litre,ogra,8020
2022-09-01,Liquefied Petroleum Gas (LPG),211.55,kg,ogra,8078
2022-09-01,Superior Kerosene Oil (SKO),210.32,litre,ogra,8079
2022-10-01,Liquefied Petroleum Gas (LPG),201.21,kg,ogra,8165
2022-10-01,Superior Kerosene Oil (SKO),191.83,litre,ogra,8166
2022-11-01,Liquefied Petroleum Gas (LPG),204.17,kg,ogra,8300
2022-11-01,Superior Kerosene Oil (SKO),191.83,litre,ogra,8296
2022-11-16,Superior Kerosene Oil (SKO),191.83,litre,ogra,8362
2022-12-01,Liquefied Petroleum Gas (LPG),215.96,kg,ogra,8423
2022-12-01,Superior Kerosene Oil (SKO),181.83,litre,ogra,8418
2022-12-16,Superior Kerosene Oil (SKO),171.83,litre,ogra,8537
2023-01-01,Liquefied Petroleum Gas (LPG),204.36,kg,ogra,8591
2023-01-01,Superior Kerosene Oil (SKO),171.83,litre,ogra,8592
2023-02-01,Liquefied Petroleum Gas (LPG),263.95,kg,ogra,8722
2023-02-15,Liquefied Petroleum Gas (LPG),266.21,kg,ogra,8831
2023-02-16,Superior Kerosene Oil (SKO),202.73,litre,ogra,8833
2023-03-01,Liquefied Petroleum Gas (LPG),277.77,kg,ogra,8884
2023-03-01,Superior Kerosene Oil (SKO),187.73,litre,ogra,8991
2023-03-16,Superior Kerosene Oil (SKO),190.29,litre,ogra,8641
2023-04-01,Liquefied Petroleum Gas (LPG),229.0,kg,ogra,9020
2023-04-01,Superior Kerosene Oil (SKO),180.29,litre,ogra,9021
2023-04-16,Superior Kerosene Oil (SKO),186.07,litre,ogra,9070
2023-05-01,Liquefied Petroleum Gas (LPG),233.89,kg,ogra,9109
2023-05-01,Superior Kerosene Oil (SKO),176.07,litre,ogra,9105
2023-05-16,Superior Kerosene Oil (SKO),164.07,litre,ogra,9150
2023-06-01,Liquefied Petroleum Gas (LPG),196.75,kg,ogra,9259
2023-06-01,Superior Kerosene Oil (SKO),164.07,litre,ogra,9255
2023-06-16,Superior Kerosene Oil (SKO),164.07,litre,ogra,9337
2023-07-01,Superior Kerosene Oil (SKO),171.05,litre,ogra,9386
2023-07-16,Superior Kerosene Oil (SKO),172.39,litre,ogra,9418
2023-08-01,Liquefied Petroleum Gas (LPG),201.16,kg,ogra,9456
2023-08-01,Superior Kerosene Oil (SKO),192.38,litre,ogra,9458
2023-08-16,Superior Kerosene Oil (SKO),217.15,litre,ogra,9496
2023-09-01,Liquefied Petroleum Gas (LPG),240.13,kg,ogra,9601
2023-09-01,Superior Kerosene Oil (SKO),233.52,litre,ogra,9582
2023-09-16,Superior Kerosene Oil (SKO),244.81,litre,ogra,9614
2023-10-01,Superior Kerosene Oil (SKO),237.28,litre,ogra,9673
2023-10-16,Superior Kerosene Oil (SKO),214.85,litre,ogra,9730
2023-11-01,Liquefied Petroleum Gas (LPG),251.03,kg,ogra,9772
2023-11-01,Superior Kerosene Oil (SKO),211.03,litre,ogra,9768
2023-11-16,Superior Kerosene Oil (SKO),204.98,litre,ogra,9806
2023-12-01,Liquefied Petroleum Gas (LPG),254.86,kg,ogra,9840
2023-12-16,Superior Kerosene Oil (SKO),191.02,litre,ogra,9887
2024-01-01,Liquefied Petroleum Gas (LPG),256.43,kg,ogra,9931
2024-01-01,Superior Kerosene Oil (SKO),188.83,litre,ogra,9927
2024-01-16,Superior Kerosene Oil (SKO),186.86,litre,ogra,10003
2024-02-01,Liquefied Petroleum Gas (LPG),257.6,kg,ogra,10085
2024-02-01,Superior Kerosene Oil (SKO),186.62,litre,ogra,10087
2024-03-01,Liquefied Petroleum Gas (LPG),256.79,kg,ogra,10270
2024-03-16,Superior Kerosene Oil (SKO),188.66,litre,ogra,10317
2024-04-01,Liquefied Petroleum Gas (LPG),209.04,kg,ogra,10391
2024-04-01,Superior Kerosene Oil (SKO),186.39,litre,ogra,10394
2024-04-16,Superior Kerosene Oil (SKO),193.08,litre,ogra,10440
2024-05-01,Liquefied Petroleum Gas (LPG),238.46,kg,ogra,10492
2024-05-01,Superior Kerosene Oil (SKO),183.34,litre,ogra,10494
2024-05-16,Superior Kerosene Oil (SKO),173.48,litre,ogra,10557
2024-06-01,Liquefied Petroleum Gas (LPG),234.6,kg,ogra,10597
2024-06-01,Superior Kerosene Oil (SKO),171.61,litre,ogra,10599
2024-06-15,Superior Kerosene Oil (SKO),171.81,litre,ogra,10641
2024-07-01,Liquefied Petroleum Gas (LPG),234.72,kg,ogra,10705
2024-07-01,Superior Kerosene Oil (SKO),181.86,litre,ogra,10686
2024-07-16,Superior Kerosene Oil (SKO),183.71,litre,ogra,10734
2024-08-01,Liquefied Petroleum Gas (LPG),237.0,kg,ogra,10901
2024-08-01,Superior Kerosene Oil (SKO),177.39,litre,ogra,10914
2024-09-01,Liquefied Petroleum Gas (LPG),243.99,kg,ogra,11098
2024-09-16,Superior Kerosene Oil (SKO),158.47,litre,ogra,11159
2024-10-01,Liquefied Petroleum Gas (LPG),251.3,kg,ogra,11190
2024-10-01,Superior Kerosene Oil (SKO),154.9,litre,ogra,11192
2024-10-16,Superior Kerosene Oil (SKO),163.02,litre,ogra,11231
2024-11-01,Liquefied Petroleum Gas (LPG),254.19,kg,ogra,11281
2024-11-01,Superior Kerosene Oil (SKO),161.54,litre,ogra,11282
2024-11-16,Superior Kerosene Oil (SKO),165.6,litre,ogra,11354
2024-12-01,Liquefied Petroleum Gas (LPG),254.3,kg,ogra,11398
2024-12-01,Superior Kerosene Oil (SKO),164.98,litre,ogra,11400
2025-01-01,Liquefied Petroleum Gas (LPG),250.28,kg,ogra,11566
2025-01-16,Superior Kerosene Oil (SKO),169.25,litre,ogra,11607
2025-02-01,Liquefied Petroleum Gas (LPG),212.67,kg,ogra,11637
2025-02-01,Superior Kerosene Oil (SKO),174.85,litre,ogra,11639
2025-02-16,Superior Kerosene Oil (SKO),171.65,litre,ogra,11746
2025-03-01,Liquefied Petroleum Gas (LPG),247.82,kg,ogra,11797
2025-03-01,Superior Kerosene Oil (SKO),168.12,litre,ogra,11799
2025-03-16,Superior Kerosene Oil (SKO),168.12,litre,ogra,11834
2025-03-29,Superior Kerosene Oil (SKO),169.38,litre,ogra,11895
2025-04-01,Liquefied Petroleum Gas (LPG),248.37,kg,ogra,11904
2025-04-16,Superior Kerosene Oil (SKO),169.38,litre,ogra,12018
2025-05-01,Liquefied Petroleum Gas (LPG),245.16,kg,ogra,12046
2025-05-01,Superior Kerosene Oil (SKO),169.69,litre,ogra,12049
2025-05-16,Superior Kerosene Oil (SKO),164.65,litre,ogra,12080
2025-06-01,Liquefied Petroleum Gas (LPG),240.53,kg,ogra,12153
2025-06-16,Superior Kerosene Oil (SKO),169.2,litre,ogra,12194
2025-07-01,Liquefied Petroleum Gas (LPG),233.0,kg,ogra,12240
2025-07-16,Superior Kerosene Oil (SKO),181.33,litre,ogra,12283
2025-08-01,Liquefied Petroleum Gas (LPG),215.37,kg,ogra,12326
2025-08-01,Superior Kerosene Oil (SKO),185.46,litre,ogra,12328
2025-08-16,Superior Kerosene Oil (SKO),178.27,litre,ogra,12372
2025-09-01,Liquefied Petroleum Gas (LPG),214.19,kg,ogra,12585
2025-09-16,Superior Kerosene Oil (SKO),179.96,litre,ogra,12424
2025-10-01,Liquefied Petroleum Gas (LPG),207.49,kg,ogra,12609
2025-10-01,Superior Kerosene Oil (SKO),184.97,litre,ogra,12612
2025-10-16,Superior Kerosene Oil (SKO),181.71,litre,ogra,12680
2025-11-01,Liquefied Petroleum Gas (LPG),201.6,kg,ogra,12764
2025-11-16,Superior Kerosene Oil (SKO),194.34,litre,ogra,12827
2025-12-01,Liquefied Petroleum Gas (LPG),208.99,kg,ogra,12986
2025-12-01,Superior Kerosene Oil (SKO),192.86,litre,ogra,12958
2025-12-16,Superior Kerosene Oil (SKO),180.54,litre,ogra,13018
2026-01-01,Liquefied Petroleum Gas (LPG),219.68,kg,ogra,13078
2026-01-01,Superior Kerosene Oil (SKO),170.88,litre,ogra,13079
2026-01-16,Superior Kerosene Oil (SKO),170.88,litre,ogra,13135
2026-02-01,Superior Kerosene Oil (SKO),175.8,litre,ogra,13194
2026-02-16,Superior Kerosene Oil (SKO),180.53,litre,ogra,13251
2026-03-01,Liquefied Petroleum Gas (LPG),225.84,kg,ogra,13400
2026-03-01,Superior Kerosene Oil (SKO),188.73,litre,ogra,13396
2026-03-14,Superior Kerosene Oil (SKO),358.01,litre,ogra,13510
2026-03-21,Superior Kerosene Oil (SKO),428.74,litre,ogra,13558
2026-03-28,Superior Kerosene Oil (SKO),433.4,litre,ogra,13605
2026-04-01,Liquefied Petroleum Gas (LPG),304.12,kg,ogra,13656
2026-04-03,Superior Kerosene Oil (SKO),467.48,litre,ogra,13680
2026-04-11,Superior Kerosene Oil (SKO),450.15,litre,ogra,13771
2026-04-18,Superior Kerosene Oil (SKO),428.81,litre,ogra,13836
2026-04-25,Superior Kerosene Oil (SKO),365.21,litre,ogra,13893
2026-05-01,Liquefied Petroleum Gas (LPG),303.8,kg,ogra,13971
2026-05-01,Superior Kerosene Oil (SKO),360.76,litre,ogra,13937
2026-05-09,Superior Kerosene Oil (SKO),318.96,litre,ogra,13993
2026-05-16,Superior Kerosene Oil (SKO),311.73,litre,ogra,14042
2026-05-23,Superior Kerosene Oil (SKO),313.44,litre,ogra,14093
2026-05-30,Superior Kerosene Oil (SKO),272.0,litre,ogra,14135
2026-06-01,Liquefied Petroleum Gas (LPG),308.76,kg,ogra,14157
2026-06-13,Superior Kerosene Oil (SKO),282.19,litre,ogra,14266
2026-06-20,Superior Kerosene Oil (SKO),233.9,litre,ogra,14315
2026-06-27,Superior Kerosene Oil (SKO),227.05,litre,ogra,14359
2026-07-01,Liquefied Petroleum Gas (LPG),241.43,kg,ogra,14400
2026-07-04,Superior Kerosene Oil (SKO),231.14,litre,ogra,14410
2026-07-11,Superior Kerosene Oil (SKO),242.33,litre,ogra,14454
2026-07-18,Superior Kerosene Oil (SKO),276.66,litre,ogra,14508
2026-07-21,High Speed Diesel (HSD),360.06,litre,ogra,14672
2026-07-21,Motor Spirit (Petrol),315.8,litre,ogra,14672
2026-07-21,Superior Kerosene Oil (SKO),282.59,litre,ogra,14559
2026-07-22,High Speed Diesel (HSD),367.21,litre,ogra,14673
2026-07-22,Motor Spirit (Petrol),320.73,litre,ogra,14673
2026-07-22,Superior Kerosene Oil (SKO),289.37,litre,ogra,14605
2026-07-23,High Speed Diesel (HSD),375.04,litre,ogra,14745
2026-07-23,Motor Spirit (Petrol),327.12,litre,ogra,14745
2026-07-23,Superior Kerosene Oil (SKO),297.17,litre,ogra,14655
2026-07-24,High Speed Diesel (HSD),378.66,litre,ogra,14712
2026-07-24,Motor Spirit (Petrol),331.52,litre,ogra,14712
2026-07-24,Superior Kerosene Oil (SKO),298.15,litre,ogra,14714
2026-07-25,High Speed Diesel (HSD),383.46,litre,ogra,14757
2026-07-25,Motor Spirit (Petrol),335.18,litre,ogra,14757
2026-07-25,Superior Kerosene Oil (SKO),301.14,litre,ogra,14759
2026-07-26,High Speed Diesel (HSD),383.46,litre,ogra,14760
2026-07-26,Liquefied Petroleum Gas (LPG),241.43,kg,ogra,14762
2026-07-26,Motor Spirit (Petrol),335.18,litre,ogra,14760
2026-07-26,Superior Kerosene Oil (SKO),301.14,litre,ogra,14761
2026-07-28,High Speed Diesel (HSD),386.83,litre,ogra,14799
2026-07-28,Motor Spirit (Petrol),334.18,litre,ogra,14799
2026-07-29,High Speed Diesel (HSD),388.38,litre,ogra,14842
2026-07-29,Motor Spirit (Petrol),335.81,litre,ogra,14842
2026-07-30,High Speed Diesel (HSD),390.62,litre,ogra,14877
2026-07-30,Motor Spirit (Petrol),335.06,litre,ogra,14877
2026-07-30,Superior Kerosene Oil (SKO),304.67,litre,ogra,14876
2026-07-31,High Speed Diesel (HSD),393.04,litre,ogra,14979
2026-07-31,Motor Spirit (Petrol),336.15,litre,ogra,14979
2026-07-31,Superior Kerosene Oil (SKO),306.44,litre,ogra,14915
2026-08-01,High Speed Diesel (HSD),392.38,litre,ogra,14981
2026-08-01,Liquefied Petroleum Gas (LPG),254.32,kg,ogra,14971
2026-08-01,Motor Spirit (Petrol),336.03,litre,ogra,14981
2026-08-01,Superior Kerosene Oil (SKO),305.22,litre,ogra,14954
2026-08-04,High Speed Diesel (HSD),389.93,litre,ogra,15016
2026-08-04,Motor Spirit (Petrol),331.95,litre,ogra,15016
2026-08-04,Superior Kerosene Oil (SKO),301.64,litre,ogra,15014
2026-08-05,High Speed Diesel (HSD),385.86,litre,ogra,15058
2026-08-05,Motor Spirit (Petrol),328.56,litre,ogra,15058
2026-08-05,Superior Kerosene Oil (SKO),297.3,litre,ogra,15055
2026-08-06,High Speed Diesel (HSD),383.86,litre,ogra,15099
2026-08-06,Motor Spirit (Petrol),333.01,litre,ogra,15099
2026-08-06,Superior Kerosene Oil (SKO),293.81,litre,ogra,15097
2026-08-07,High Speed Diesel (HSD),382.36,litre,ogra,15126
2026-08-07,Motor Spirit (Petrol),329.82,litre,ogra,15126
2026-08-07,Superior Kerosene Oil (SKO),291.45,litre,ogra,15128
2026-08-08,High Speed Diesel (HSD),380.86,litre,ogra,15186
2026-08-08,Motor Spirit (Petrol),327.62,litre,ogra,15186
2026-08-08,Superior Kerosene Oil (SKO),289.95,litre,ogra,15184
2026-08-12,High Speed Diesel (HSD),382.25,litre,ogra,15243
2026-08-12,Motor Spirit (Petrol),325.92,litre,ogra,15243
2026-08-12,Superior Kerosene Oil (SKO),289.68,litre,ogra,15240
2026-08-13,High Speed Diesel (HSD),382.79,litre,ogra,15273
2026-08-13,Motor Spirit (Petrol),324.98,litre,ogra,15273
2026-08-13,Superior Kerosene Oil (SKO),289.27,litre,ogra,15275
2026-08-14,High Speed Diesel (HSD),383.95,litre,ogra,15315
2026-08-14,Motor Spirit (Petrol),325.43,litre,ogra,15315
2026-08-14,Superior Kerosene Oil (SKO),289.75,litre,ogra,15312
2026-08-18,High Speed Diesel (HSD),390.42,litre,ogra,15361
2026-08-18,Motor Spirit (Petrol),331.2,litre,ogra,15361
2026-08-18,Superior Kerosene Oil (SKO),296.63,litre,ogra,15340
2026-08-19,High Speed Diesel (HSD),395.69,litre,ogra,15402
2026-08-19,Motor Spirit (Petrol),334.54,litre,ogra,15402
2026-08-19,Superior Kerosene Oil (SKO),300.85,litre,ogra,15400
2026-08-20,High Speed Diesel (HSD),363.06,litre,ogra,15453
2026-08-20,Motor Spirit (Petrol),337.51,litre,ogra,15453
2026-08-21,High Speed Diesel (HSD),364.7,litre,ogra,15508
2026-08-21,Motor Spirit (Petrol),337.78,litre,ogra,15508
2026-08-22,High Speed Diesel (HSD),368.29,litre,ogra,15542
2026-08-22,Motor Spirit (Petrol),341.59,litre,ogra,15542
2026-08-22,Superior Kerosene Oil (SKO),303.5,litre,ogra,15544
2026-08-25,High Speed Diesel (HSD),370.69,litre,ogra,15595
2026-08-25,Motor Spirit (Petrol),341.98,litre,ogra,15595
2026-08-26,High Speed Diesel (HSD),371.8,litre,ogra,15656
2026-08-26,Motor Spirit (Petrol),343.1,litre,ogra,15656
2026-08-28,High Speed Diesel (HSD),371.61,litre,ogra,15694
2026-08-28,Motor Spirit (Petrol),342.6,litre,ogra,15694
2026-08-29,High Speed Diesel (HSD),371.44,litre,ogra,15747
2026-08-29,Motor Spirit (Petrol),342.02,litre,ogra,15747
2026-08-29,Superior Kerosene Oil (SKO),286.44,litre,ogra,15745
2026-09-01,High Speed Diesel (HSD),370.41,litre,ogra,15794
2026-09-01,Liquefied Petroleum Gas (LPG),258.65,kg,ogra,15793
2026-09-01,Motor Spirit (Petrol),342.79,litre,ogra,15794
2026-09-02,High Speed Diesel (HSD),370.92,litre,ogra,15838
2026-09-02,Motor Spirit (Petrol),343.87,litre,ogra,15838
2026-09-03,High Speed Diesel (HSD),372.03,litre,ogra,15884
2026-09-03,Motor Spirit (Petrol),346.16,litre,ogra,15884
2026-09-04,High Speed Diesel (HSD),374.31,litre,ogra,15939
2026-09-04,Motor Spirit (Petrol),349.0,litre,ogra,15939
2026-09-05,High Speed Diesel (HSD),378.05,litre,ogra,15978
2026-09-05,Motor Spirit (Petrol),345.87,litre,ogra,15978
2026-09-05,Superior Kerosene Oil (SKO),307.0,litre,ogra,15980
